No.,Question,Answer
1,What is Blaize Bazaar's return policy?,"Return Policy
Welcome to Blaize Bazaar! We want you to be completely happy with your purchase. Our return policy is designed with your satisfaction in mind:

- You can return most items within 30 days of delivery for a full refund or exchange
- Items must be in original condition with tags attached
- Original packaging is recommended but not always required
- Some exceptions apply for:
  * Personalized items
  * Perishable goods
  * Opened beauty products
  * Intimate apparel

Keep your receipt or order confirmation email handy, and we'll make the return process simple and efficient. Our dedicated customer service team is available 24/7 to assist you."
2,How many days do I have to return a product?,"Return Window
At Blaize Bazaar, we provide a straightforward 30-day return window for your convenience. Here are the key details:

- The 30-day period begins on the delivery date, not the order date
- If the 30th day falls on a weekend or holiday, we'll honor returns on the next business day
- Seasonal items may have adjusted return windows, which will be clearly communicated at purchase
- Elite members enjoy extended 45-day returns as part of their membership benefits
- Starting your return within the window is sufficient; the item doesn't need to arrive back to us within 30 days
- Special promotions may have modified return windows, which will be clearly stated"
3,Do I need the original packaging to return an item?,"Original Packaging Requirements
Blaize Bazaar understands that original packaging isn't always available. Here's our packaging policy for returns:

- Original packaging is recommended but not always mandatory
- If original packaging is unavailable:
  * Use a sturdy box or padded envelope
  * Ensure adequate protection for the item
  * Include all accessories and manuals
  * Retain warranty cards and documentation

Special considerations:
- Electronics require original packaging to maintain warranty coverage
- Fragile items need secure packaging to prevent damage
- Luxury items must include original boxes and certificates
- For certain technical equipment, specific packaging requirements apply"
4,Can I exchange a product instead of returning it?,"Exchange Policy
Blaize Bazaar is happy to offer convenient exchanges for your purchases:

- Initiate exchanges through your online account or our customer service team
- Choose ""Exchange"" instead of ""Refund"" during the return process
- Select your preferred replacement item
- Price differences will be charged or refunded accordingly
- Backorder options available if replacement is out of stock
- Same 30-day window applies to exchanges
- Elite members receive priority processing for exchanges
- Free shipping on exchanges for Elite members"
5,How do I initiate a return?,"Return Initiation Process
Starting a return at Blaize Bazaar is simple and convenient:

1. Log into your Blaize Bazaar account
2. Navigate to ""Order History""
3. Select ""Return Item"" for the specific purchase
4. Choose items to return and provide reason
5. Select refund or exchange option
6. Print prepaid return label if eligible
7. Package items securely with required documentation
8. Drop off at authorized shipping locations

Alternative methods:
- Contact our 24/7 customer service for assisted returns
- Visit any Blaize Bazaar store for in-person returns
- Use our mobile app for quick return processing"
6,Who pays for return shipping?,"Return Shipping Policy
Blaize Bazaar's return shipping policy is designed to be fair and transparent:

For returns due to our error:
- Free return shipping
- Prepaid return label provided
- Full shipping cost reimbursement

For standard returns:
- Customer covers return shipping
- Elite members receive free return shipping
- Flat-rate return shipping available
- Multiple item returns ship under one label

Special circumstances:
- Free return shipping during promotional periods
- International returns may have different policies
- Oversized items may require special arrangements"
7,How long does it take to process a refund?,"Refund Processing Timeline
At Blaize Bazaar, we process refunds efficiently:

Processing steps:
1. Warehouse receives and inspects return (1-2 business days)
2. Refund initiated to original payment method
3. Processing times vary by payment type:
   - Credit/debit cards: 3-5 business days
   - PayPal: 1-2 business days
   - Blaize Bazaar store credit: Immediate
   - Gift cards: 1 business day

Additional information:
- Email notifications sent at each refund stage
- Elite members receive expedited processing
- Peak season may add 1-2 days to processing
- Contact us if refund hasn't appeared after 10 business days"
8,Can I return a gift?,"Gift Returns
Blaize Bazaar makes gift returns simple and discreet:

Process:
- No original purchaser information needed
- Use gift receipt or packing slip
- Visit our gift returns portal online
- Choose store credit, exchange, or refund
- Complimentary return shipping available
- Original purchaser remains anonymous

Options:
- Store credit at current selling price
- Exchange for different items
- Refund to your payment method (with gift receipt)
- Special handling for seasonal or sale items"
9,What is your warranty policy?,"Warranty Policy
Blaize Bazaar stands behind our products with comprehensive warranty coverage:

Standard coverage:
- One-year limited warranty on most items
- Covers manufacturing defects and material issues
- Begins on purchase date
- Extended warranties available for purchase

Category-specific coverage:
- Electronics: 2-year warranty
- Furniture: 5-year structural warranty
- Clothing: 90-day craftsmanship warranty
- Luxury items: Special warranty terms apply"
10,How long is the warranty period for electronics?,"Electronics Warranty Period
At Blaize Bazaar, we provide a comprehensive 2-year warranty for electronics:

Standard coverage includes:
- Complete protection against manufacturing defects and failures under normal use
- Warranty period begins on purchase date
- Full parts and labor coverage for repairs
- First-year express replacement service for eligible items
- Second-year inspection-based replacements
- 1-year warranty for accessories (cables, batteries)

Additional options:
- Extended warranty available for up to 5 years on high-end electronics
- Premium protection plans for accidental damage
- Optional coverage for commercial use

Exclusions:
- Software issues
- Physical damage from accidents
- Unauthorized modifications
- Normal wear and tear

For best warranty service, register your product on our website and retain your proof of purchase."
11,Are there any items that cannot be returned?,"Non-Returnable Items
At Blaize Bazaar, while we aim to accept most returns, certain items cannot be returned for hygiene, safety, or legal reasons:

Health and Safety Items:
- Perishable goods (food, flowers)
- Opened intimate apparel or swimwear
- Used cosmetics and beauty products
- Hazardous materials

Digital and Customized Items:
- Accessed digital content
- Personalized or custom-made products
- Activated gift cards
- Downloaded software

Additional Non-Returnable Items:
- Products missing serial numbers/UPC codes
- Items marked as ""Final Sale""
- Certain regulated health items
- Products with broken security seals

For defective non-returnable items, we may offer store credit or exchanges. Contact customer service for assistance."
12,What if I received a damaged product?,"Damaged Product Procedure
When you receive a damaged product from Blaize Bazaar, we take immediate action:

Immediate Steps:
1. Document the damage with photos
2. Keep original packaging intact
3. Contact us within 48 hours
4. Provide order number and damage details

Our Resolution Process:
- Free return shipping label provided
- Expedited replacement shipping
- Full refund option including shipping costs
- Partial refund available for minor damage
- In-home inspection for large items

Quality Control:
- Incident documentation for improvement
- Packaging review process
- Carrier performance monitoring
- Regular handling procedure updates"
13,Can I return an item if I've used it?,"Used Item Returns
Blaize Bazaar's policy on used items is designed to be fair while maintaining quality standards:

Clothing and Accessories:
- Accepted if only tried on
- Must have original tags
- No visible wear or alterations

Electronics and Appliances:
- 14-day evaluation period
- Must be in like-new condition
- All accessories included
- Original packaging preferred

Special Categories:
- Beauty products: unopened only
- Media: sealed condition required
- Bedding: unused with tags
- Defective items: warranty coverage applies"
14,Do you offer free shipping?,"Free Shipping Options
Blaize Bazaar offers several free shipping opportunities:

Standard Free Shipping:
- Orders over $50 (continental US)
- Elite members: all orders
- International orders over $100

Special Programs:
- Loyalty program benefits
- Promotional periods
- Ship-to-store service

Exceptions:
- Oversized items (surcharge may apply)
- Remote locations
- Express shipping upgrades"
15,What are your shipping options?,"Shipping Options
Blaize Bazaar provides diverse shipping choices:

Standard Services:
- Standard (5-7 business days, free over $50)
- Expedited (2-3 business days)
- Overnight (next-day delivery)
- Ship to Store (3-5 business days)

Specialty Services:
- Saturday Delivery
- International Shipping
- Large Item Delivery
- Subscribe & Save

Location-based options and delivery estimates provided at checkout."
16,How long does shipping usually take?,"Shipping Timeline
Blaize Bazaar shipping timelines vary by service level:

Standard Delivery Times:
- Standard: 5-7 business days
- Expedited: 2-3 business days
- Overnight: Next business day
- Store Pickup: 3-5 business days
- International: 7-21 business days
- Large Items: 1-3 weeks

Important Notes:
- Processing time not included
- Weekend/holiday exclusions
- Weather delay possibilities
- Peak season adjustments
- Multiple item coordination"
17,Do you ship internationally?,"International Shipping
Blaize Bazaar ships to over 100 countries worldwide:

Service Coverage:
- Most of Europe, Asia, Australia
- Parts of South America and Africa
- Multiple shipping speeds available
- Free shipping over $100 (select countries)

Customer Responsibilities:
- Import duties
- Local taxes
- Customs fees
- Regulatory compliance

Processing Details:
- 1-2 additional days for international orders
- Tracking provided
- Dedicated international support
- Country-specific restrictions may apply"
18,Can I track my order?,"Order Tracking
Blaize Bazaar provides comprehensive tracking options:

Tracking Methods:
1. Email tracking links
2. Account order history
3. Mobile app updates
4. Customer service assistance

Features:
- Real-time status updates
- Multiple package tracking
- International tracking support
- Delivery appointment scheduling
- Push notifications available"
19,What if my package is lost during shipping?,"Lost Package Procedure
Blaize Bazaar's lost package response:

Initial Steps:
1. Verify delivery timeline
2. Check tracking history
3. Contact customer service
4. Initiate carrier trace

Resolution Options:
- Free replacement shipping
- Full refund including shipping
- Express replacement for urgent needs
- High-value item documentation
- Missing package investigation

Prevention Measures:
- Delivery notifications
- Insurance options
- Signature requirements
- Safe delivery locations"
20,Do you offer gift wrapping?,"Gift Wrapping Service
Blaize Bazaar offers professional gift wrapping:

Service Details:
- $5 per item
- Seasonal design options
- Ribbon and gift tag included
- Custom message available
- Special holiday themes

Special Accommodations:
- Large item gift boxes
- Multiple item wrapping
- Price-hidden packing slips
- Processing time consideration
- Satisfaction guarantee

For best results, order early during peak seasons."
21,Can I cancel my order after it's been placed?,"Order Cancellation Policy
Blaize Bazaar's order cancellation process:

Online Cancellation:
- Access your account
- Navigate to Order History
- Select Cancel Order option
- Available within 1-2 hours of placement

Time-Sensitive Guidelines:
- Pre-orders: Extended cancellation window
- In-stock items: 1-2 hour window
- Shipped orders: Return process required
- Custom orders: Limited cancellation options

Special Circumstances:
- Digital products: Pre-download only
- Services: Pre-initiation only
- Back-ordered items: Extended window
- Processing orders: Customer service assistance required"
22,What forms of payment do you accept?,"Payment Options
Blaize Bazaar accepts multiple payment methods:

Credit and Debit Cards:
- Visa
- MasterCard
- American Express
- Discover

Digital Payments:
- PayPal
- Apple Pay
- Google Pay
- Store Credit Card

Additional Options:
- Blaize Bazaar Gift Cards
- Store Credit
- Affirm Financing (orders over $100)
- Bank Transfer (select purchases)
- International payment methods

Security:
- Encrypted transactions
- Secure payment processing
- 24/7 fraud monitoring"
23,Is my personal information secure when I make a purchase?,"Information Security
Blaize Bazaar's commitment to data protection:

Security Measures:
- SSL encryption
- PCI DSS compliance
- Secure server infrastructure
- Restricted data access
- No CVV storage

Protection Protocols:
- Regular security audits
- Two-factor authentication
- Privacy policy enforcement
- Minimal data collection
- Secure partner integration

Monitoring Systems:
- 24/7 security surveillance
- Fraud detection technology
- Employee security training
- Regular system updates"
24,Do you price match?,"Price Match Policy
Blaize Bazaar's competitive price matching:

Eligibility Requirements:
- Identical items only
- In-stock merchandise
- Authorized retailers only
- 14-day price protection

Match Process:
- Pre-purchase matching
- Post-purchase adjustment
- Competitor price verification
- Shipping cost consideration

Exclusions:
- Marketplace sellers
- Auction sites
- Liquidation sales
- Limited-time offers
- Member-only prices"
25,How can I check the status of my order?,"Order Status Tracking
Blaize Bazaar provides multiple status checking methods:

Online Access:
- Account dashboard
- Order history
- Status updates
- Shipping details

Alternative Methods:
- Email confirmation links
- Guest order lookup
- Mobile app tracking
- Customer service support
- Automated phone system
- SMS notifications

Status Categories:
- Processing
- Shipped
- Out for Delivery
- Delivered
- Exception Status"
26,What should I do if I receive the wrong item?,"Wrong Item Resolution
Blaize Bazaar's wrong item procedure:

Immediate Actions:
- Retain all packaging
- Document the error
- Contact customer service
- Provide order details
- Submit photos if possible

Our Response:
- Free return shipping
- Expedited correct item delivery
- No-wait replacement option
- Possible compensation
- Error investigation

Quality Measures:
- Process review
- Prevention strategies
- Staff training updates
- Shipping verification"
27,Can I return an item bought on sale?,"Sale Item Returns
Blaize Bazaar's sale return guidelines:

Standard Policy:
- 30-day return window
- Original price refund
- Clear return eligibility
- Exchange options available

Special Conditions:
- Final Sale exclusions
- Seasonal item limitations
- Modified holiday policies
- Elite member benefits

Return Options:
- Store credit
- Exchange for current price
- Original payment refund
- Gift return accommodation"
28,What if I miss the delivery of my package?,"Missed Delivery Process
Blaize Bazaar's missed delivery solutions:

Immediate Options:
- Check delivery notice
- Track package status
- Access carrier instructions
- Schedule redelivery
- Locate pickup options

Alternative Delivery:
- Neighbor authorization
- Workplace delivery
- Pickup location selection
- Special instructions setup

Security Measures:
- Signature requirements
- Safe location options
- Delivery notifications
- Authority to leave"
29,What is your policy on eco-friendly packaging?,"Eco-Friendly Packaging
Blaize Bazaar's environmental commitment:

Sustainable Materials:
- Recycled content
- Recyclable packaging
- Minimal waste design
- Paper-based alternatives

Environmental Practices:
- Plastic reduction
- Biodegradable materials
- Right-size packaging
- Reusable options

Ongoing Initiatives:
- Sustainability goals
- Material innovation
- Customer feedback integration
- Environmental impact tracking

Protection Standards:
- Product safety
- Shipping durability
- Weather resistance
- Cost efficiency"
30,Do you offer assembly services for furniture?,"Furniture Assembly Services
Blaize Bazaar provides professional furniture assembly services:

Service details:
- Available for most furniture items
- Professional, insured, and background-checked assemblers
- Pricing varies by item complexity
- Booking available during checkout or post-purchase
- Flexible scheduling options
- Multi-item assembly discounts
- Quality assurance inspection included
- Assembly warranty protection

Additional benefits:
- Free assembly for Elite members on select items
- Same-day assembly available in select areas
- Assembly service warranty matches product warranty
- Professional tools and expertise provided
- Debris removal included
- Safety inspection performed
- Placement and leveling included

Contact our customer service team to schedule assembly or learn more about our service options."